pin,gender,marital_status,have_children,mvs_1,mvs_2,mvs_3,mvs_4,mvs_5,mvs_6,mvs_7,mvs_8,mvs_9,swls2019_1,swls2019_2,swls2019_3,swls2019_4,swls2019_5,swls2021_1,swls2021_2,swls2021_3,swls2021_4,swls2021_5
1,0,1,0,4,3,3,3,3,4,3,4,2,4,4,5,5,4,4,4,5,5,4
2,1,1,1,4,3,3,3,3,4,2,4,2,5,6,5,6,6,4,6,4,5,5
3,1,3,0,5,4,4,3,4,5,4,5,1,4,4,4,5,5,3,3,4,5,5
4,1,1,0,2,3,3,2,3,2,2,4,3,6,5,7,6,5,5,5,6,6,5
5,1,2,0,2,2,3,2,3,2,3,4,3,5,4,4,4,5,4,3,4,4,5
6,0,1,1,3,4,4,5,4,3,3,5,2,5,4,4,5,4,5,4,3,4,4
7,1,2,0,2,3,3,4,3,4,3,3,3,2,3,3,3,3,2,2,4,3,3
8,0,1,0,2,3,3,4,3,4,3,3,3,4,3,3,3,3,4,3,3,3,3
9,1,2,0,3,4,4,3,4,5,4,4,2,5,5,5,4,5,4,4,5,4,5
10,0,1,1,2,3,3,4,2,2,3,3,4,5,5,5,6,6,5,5,4,5,6
11,0,3,0,2,2,3,4,2,2,1,3,4,5,5,4,4,5,5,4,4,4,5
12,1,2,0,3,4,4,4,3,3,4,4,3,3,4,4,4,4,2,3,4,4,4
13,1,3,0,2,1,2,2,3,3,4,2,4,4,3,3,4,3,3,2,3,4,3
14,0,3,0,2,3,2,2,3,3,1,2,4,5,5,4,5,4,5,4,4,5,4
15,0,3,1,3,2,3,4,4,4,5,3,3,4,4,3,4,3,4,3,2,3,3
16,1,1,1,3,3,4,3,4,2,1,3,3,5,4,4,4,5,4,4,3,3,4
17,0,1,1,3,2,4,3,4,2,3,3,3,5,4,4,5,5,5,4,3,4,5
18,0,1,1,4,4,5,4,5,3,2,4,2,6,6,5,6,6,6,6,4,5,6
19,0,3,0,3,3,3,4,3,4,3,4,3,4,5,4,4,4,4,4,4,4,4
20,0,3,1,3,2,3,4,3,4,3,4,3,5,4,4,5,5,5,3,3,4,5
21,0,3,0,4,4,4,5,4,5,4,5,2,4,4,4,4,4,4,3,4,4,4
22,0,3,0,4,3,4,4,4,4,3,3,3,3,3,4,4,4,3,2,4,4,4
23,1,3,0,4,2,4,4,4,4,3,3,3,3,3,4,4,3,2,2,4,4,3
24,1,2,0,5,4,5,4,5,5,4,4,2,3,4,4,4,4,2,3,4,4,4
25,0,2,1,3,2,2,2,4,4,4,4,3,4,5,5,4,4,4,4,4,3,4
26,0,3,1,3,2,2,2,4,4,1,4,3,3,4,4,3,4,3,3,3,2,4
27,1,3,0,4,3,3,5,5,5,5,5,2,4,4,3,3,4,3,3,3,3,4
28,1,3,1,3,1,2,3,3,4,4,4,3,5,7,5,6,5,4,5,4,5,4
29,1,3,1,3,3,2,3,3,4,1,4,3,4,5,5,4,5,3,4,4,3,4
30,0,2,1,4,2,3,4,4,5,5,5,2,3,3,4,4,3,3,2,3,3,3
31,0,1,1,2,4,4,2,4,2,2,3,3,5,5,6,5,5,5,5,5,4,5
32,0,3,1,2,2,4,2,4,2,1,3,3,5,5,4,5,5,5,4,3,4,5
33,1,1,0,3,5,5,4,5,3,3,4,2,5,6,5,6,6,4,6,5,6,6
34,0,3,1,3,2,2,2,2,3,2,3,3,4,5,4,5,5,4,4,3,4,5
35,0,1,1,3,2,2,2,2,3,1,3,3,4,3,4,4,3,4,3,3,3,3
36,1,1,0,4,3,3,4,3,4,3,4,2,4,4,4,3,3,3,4,4,3,3
37,1,1,0,3,3,4,4,3,4,3,3,2,3,3,3,3,3,2,3,3,3,3
38,0,1,0,3,1,4,4,3,4,3,3,2,5,5,4,4,4,5,5,4,4,4
39,0,2,0,4,4,5,5,4,5,4,4,1,3,3,3,3,3,3,2,3,3,3
40,1,3,1,2,2,4,3,3,4,4,4,2,5,5,4,5,4,4,4,3,4,3
41,0,1,0,2,1,4,3,3,4,2,4,2,4,4,3,4,4,4,4,3,4,4
42,0,3,0,3,3,5,5,4,5,5,5,1,4,5,4,5,5,4,4,4,5,5
43,1,1,1,4,2,4,2,4,4,3,4,2,5,4,4,4,5,4,4,3,3,4
44,1,2,1,4,2,4,2,4,4,3,4,2,5,5,5,6,6,4,4,4,5,5
45,1,1,0,5,3,5,3,5,5,4,5,1,4,3,4,3,3,3,3,4,3,3
46,0,3,1,4,2,4,3,2,4,4,2,2,4,3,4,3,3,4,2,3,2,3
47,0,2,0,4,3,4,3,2,4,3,2,2,5,4,4,5,4,5,3,4,5,4
48,0,1,1,5,3,5,5,3,5,5,3,1,4,3,4,4,4,4,3,3,3,4
49,1,3,0,3,3,4,2,3,3,4,3,2,4,4,3,3,4,3,3,3,3,4
50,1,3,1,3,1,4,2,3,3,2,3,2,5,4,5,5,5,4,3,4,4,4
51,1,2,0,4,4,5,5,4,4,5,4,1,4,3,3,3,4,3,2,3,3,4
52,1,3,0,2,3,4,2,2,3,2,2,3,5,5,5,5,5,4,4,5,5,5
53,0,1,0,2,1,4,2,2,3,2,2,3,3,3,4,3,4,3,3,4,3,4
54,1,2,1,3,4,5,3,3,4,3,3,2,5,5,5,4,5,4,4,4,3,4
55,0,1,1,4,1,4,4,4,4,4,4,2,4,4,5,4,5,4,4,4,3,5
56,0,3,0,4,2,4,4,4,4,3,4,2,4,3,3,3,4,4,2,3,3,4
57,1,3,1,5,2,5,3,5,5,5,5,1,5,5,5,6,5,4,4,4,5,4
58,0,3,0,4,3,3,4,3,3,2,3,3,5,5,4,4,4,5,4,4,4,4
59,0,1,0,4,3,3,4,3,3,1,3,3,4,5,4,5,5,4,5,4,5,5
60,1,1,0,5,4,4,3,4,4,3,4,2,5,4,5,5,5,4,4,5,5,5
61,1,2,0,4,4,2,3,4,4,3,4,2,4,3,4,3,4,3,2,4,3,4
62,0,2,1,4,1,2,3,4,4,2,4,2,4,4,5,5,4,4,3,4,4,4
63,0,2,0,5,5,3,5,5,5,4,5,1,4,4,3,3,3,4,3,3,3,3
64,1,1,0,3,4,3,2,4,3,3,3,3,5,4,4,4,4,4,4,4,4,4
65,0,1,0,3,3,3,2,4,3,3,3,3,4,4,5,4,4,4,4,5,4,4
66,1,1,0,4,5,4,4,5,4,4,4,2,5,5,4,4,4,4,5,4,4,4
67,1,2,1,2,3,2,2,2,2,2,3,4,5,5,4,4,5,4,4,3,3,4
68,0,2,1,2,2,2,2,2,2,2,3,4,4,4,3,4,4,4,3,2,3,4
69,1,1,1,3,4,3,3,3,3,3,4,3,6,6,6,5,6,5,6,5,4,5
70,0,3,0,4,4,4,3,4,4,4,4,2,4,4,4,4,5,4,3,4,4,5
71,1,2,1,4,3,4,3,4,4,2,4,2,4,5,5,4,5,3,4,4,3,4
72,0,1,0,5,5,5,5,5,5,5,5,1,4,5,5,4,4,4,5,5,4,4
73,0,3,0,3,3,3,3,2,3,2,3,3,4,5,5,5,4,4,4,5,5,4
74,0,1,0,3,2,3,3,2,3,2,3,3,4,5,4,4,5,4,5,4,4,5
75,0,2,1,4,4,4,4,3,4,3,4,2,4,4,4,3,4,4,3,3,2,4
76,0,2,1,4,4,2,3,2,4,3,4,2,5,4,4,4,5,5,3,3,3,5
77,1,1,1,4,2,2,3,2,4,3,4,2,5,6,6,6,6,4,7,5,5,5
78,0,2,0,5,5,3,5,3,5,4,5,1,4,3,3,3,4,4,2,3,3,4
79,0,1,0,2,2,3,4,2,3,4,2,3,4,3,4,4,3,4,3,4,4,3
80,0,3,0,2,1,3,4,2,3,3,2,3,4,4,4,4,4,4,3,4,4,4
81,0,3,1,3,3,4,4,3,4,5,3,2,5,5,5,4,5,5,4,4,3,5
82,1,1,1,4,3,3,2,4,3,3,4,2,4,5,5,4,5,3,5,4,3,4
83,0,2,1,4,3,3,2,4,3,2,4,2,4,3,4,3,4,4,2,3,2,4
84,1,1,0,5,4,4,4,5,4,4,5,1,5,5,4,4,4,4,5,4,4,4
85,1,3,1,3,3,3,4,3,3,3,3,3,3,4,3,4,4,2,3,2,3,3
86,1,1,0,3,1,3,4,3,3,3,3,3,6,7,5,5,5,5,6,5,5,5
87,1,2,0,4,4,4,4,4,4,4,4,2,5,5,6,7,5,4,4,6,6,5
88,0,3,0,4,4,4,2,4,4,4,4,2,4,4,5,5,5,4,3,5,5,5
89,0,1,0,4,3,4,2,4,4,1,4,2,5,5,4,4,5,5,5,4,4,5
90,0,3,0,5,5,5,5,5,5,5,5,1,5,5,5,4,5,5,4,5,4,5
91,1,2,0,3,4,4,2,3,4,4,3,2,5,5,5,5,4,4,4,5,5,4
92,1,2,1,3,2,4,2,3,4,1,3,2,6,6,5,5,5,5,5,4,4,4
93,0,2,0,4,5,5,4,4,5,5,4,1,3,4,3,4,4,3,3,3,4,4
94,0,2,1,4,4,4,2,4,4,4,4,2,4,5,5,4,4,4,4,4,3,4
95,1,3,1,4,3,4,2,4,4,3,4,2,5,4,5,5,5,4,3,4,4,4
96,1,3,0,5,5,5,5,5,5,5,5,1,4,5,4,5,5,3,4,4,5,5
97,0,3,0,3,3,3,3,3,3,3,2,3,4,4,4,3,4,4,3,4,3,4
98,1,3,1,3,3,3,3,3,3,2,2,3,5,5,5,4,4,4,4,4,3,3
99,1,1,1,4,4,4,3,4,4,4,3,2,6,7,7,5,5,5,6,5,4,4
100,0,2,0,4,3,3,3,3,4,3,4,2,3,3,4,3,4,3,2,4,3,4
101,1,2,1,4,3,3,3,3,4,2,4,2,5,5,5,5,6,4,4,4,4,5
102,1,2,0,5,4,4,3,4,5,4,5,1,5,4,5,4,4,4,3,5,4,4
103,0,2,1,2,3,3,2,3,2,2,4,3,4,5,4,5,5,4,4,3,4,5
104,0,2,0,2,2,3,2,3,2,3,4,3,3,3,3,4,3,3,2,3,4,3
105,0,3,0,3,4,4,5,4,3,3,5,2,4,3,4,3,4,4,2,4,3,4
106,0,1,0,2,3,3,4,3,4,3,3,3,5,4,4,5,5,5,4,4,5,5
107,1,1,0,2,3,3,4,3,4,3,3,3,3,4,4,4,4,2,4,4,4,4
108,1,3,0,3,4,4,3,4,5,4,4,2,5,5,4,4,5,4,4,4,4,5
109,0,2,1,2,3,3,4,2,2,3,3,4,3,3,3,4,3,3,2,2,3,3
110,1,3,0,2,2,3,4,2,2,1,3,4,5,4,5,4,5,4,3,5,4,5
111,1,3,0,3,4,4,4,3,3,4,4,3,4,3,4,4,3,3,2,4,4,3
112,0,2,1,2,1,2,2,3,3,4,2,4,3,3,4,4,4,3,2,3,3,4
113,1,1,1,2,3,2,2,3,3,1,2,4,6,6,5,6,6,5,6,4,5,5
114,1,1,1,3,2,3,4,4,4,5,3,3,6,5,5,5,6,5,5,4,4,5
115,0,3,1,3,3,4,3,4,2,1,3,3,5,6,6,5,5,5,5,5,4,5
116,0,3,1,3,2,4,3,4,2,3,3,3,3,3,4,4,4,3,2,3,3,4
117,0,3,0,4,4,5,4,5,3,2,4,2,4,3,4,3,3,4,2,4,3,3
118,0,1,0,3,3,3,4,3,4,3,4,3,4,4,3,3,3,4,4,3,3,3
119,1,1,1,3,2,3,4,3,4,3,4,3,5,6,6,6,5,4,6,5,5,4
120,0,1,0,4,4,4,5,4,5,4,5,2,5,4,5,4,4,5,4,5,4,4
121,1,3,1,4,3,4,4,4,4,3,3,3,5,6,6,5,5,4,5,5,4,4
122,1,2,0,4,2,4,4,4,4,3,3,3,4,4,3,3,3,3,3,3,3,3
123,0,3,0,5,4,5,4,5,5,4,4,2,4,5,4,5,5,4,4,4,5,5
124,0,2,1,3,2,2,2,4,4,4,4,3,4,4,5,4,4,4,3,4,3,4
125,1,1,1,3,2,2,2,4,4,1,4,3,5,6,6,5,6,4,6,5,4,5
126,0,1,1,4,3,3,5,5,5,5,5,2,3,3,3,3,3,3,3,2,2,3
127,1,1,0,3,1,2,3,3,4,4,4,3,6,6,6,5,5,5,6,6,5,5
128,1,3,0,3,3,2,3,3,4,1,4,3,3,3,4,4,3,2,2,4,4,3
129,0,3,0,4,2,3,4,4,5,5,5,2,4,4,5,4,5,4,3,5,4,5
130,1,1,1,2,4,4,2,4,2,2,3,3,6,5,6,5,6,5,5,5,4,5
131,1,2,1,2,2,4,2,4,2,1,3,3,4,4,4,4,4,3,3,3,3,3
132,0,2,0,3,5,5,4,5,3,3,4,2,3,3,3,3,4,3,2,3,3,4
133,0,3,0,3,2,2,2,2,3,2,3,3,3,3,4,3,3,3,2,4,3,3
134,1,1,1,3,2,2,2,2,3,1,3,3,4,4,4,5,4,3,4,3,4,3
135,0,1,0,4,3,3,4,3,4,3,4,2,3,4,3,3,4,3,4,3,3,4
136,1,3,1,3,3,4,4,3,4,3,3,2,5,6,5,5,6,4,5,4,4,5
137,0,2,0,3,1,4,4,3,4,3,3,2,3,4,3,4,4,3,3,3,4,4
138,0,1,0,4,4,5,5,4,5,4,4,1,3,4,4,3,4,3,4,4,3,4
139,0,2,1,2,2,4,3,3,4,4,4,2,5,5,4,5,5,5,4,3,4,5
140,0,2,0,2,1,4,3,3,4,2,4,2,5,4,4,4,5,5,3,4,4,5
141,0,2,0,3,3,5,5,4,5,5,5,1,4,4,5,4,4,4,3,5,4,4
142,1,2,1,4,2,4,2,4,4,3,4,2,5,4,5,4,4,4,3,4,3,3
143,1,1,0,4,2,4,2,4,4,3,4,2,6,5,6,6,6,5,5,6,6,6
144,1,3,0,5,3,5,3,5,5,4,5,1,5,4,5,4,5,4,3,5,4,5
145,0,1,0,4,2,4,3,2,4,4,2,2,3,3,3,3,4,3,3,3,3,4
146,0,3,0,4,3,4,3,2,4,3,2,2,4,5,5,5,4,4,4,5,5,4
147,1,2,0,5,3,5,5,3,5,5,3,1,4,4,4,3,4,3,3,4,3,4
148,0,2,0,3,3,4,2,3,3,4,3,2,4,5,4,4,5,4,4,4,4,5
149,1,3,1,3,1,4,2,3,3,2,3,2,5,5,4,4,4,4,4,3,3,3
150,0,3,1,4,4,5,5,4,4,5,4,1,5,5,4,5,5,5,4,3,4,5
151,0,2,0,2,3,4,2,2,3,2,2,3,4,3,4,3,4,4,2,4,3,4
152,0,1,0,2,1,4,2,2,3,2,2,3,4,5,5,5,4,4,5,5,5,4
153,1,3,0,3,4,5,3,3,4,3,3,2,4,5,5,5,5,3,4,5,5,5
154,0,1,1,4,1,4,4,4,4,4,4,2,4,5,4,4,5,4,5,3,3,5
155,0,1,1,4,2,4,4,4,4,3,4,2,5,4,4,4,5,5,4,3,3,5
156,1,1,1,5,2,5,3,5,5,5,5,1,5,5,4,5,4,4,5,3,4,3
157,1,1,1,4,3,3,4,3,3,2,3,3,3,4,3,4,3,2,4,2,3,2
158,0,2,1,4,3,3,4,3,3,1,3,3,4,4,4,5,5,4,3,3,4,5
159,1,3,1,5,4,4,3,4,4,3,4,2,4,5,4,5,4,3,4,3,4,3
160,1,2,0,4,4,2,3,4,4,3,4,2,4,5,4,5,5,3,4,4,5,5
161,0,3,0,4,1,2,3,4,4,2,4,2,4,4,4,4,4,4,3,4,4,4
162,1,2,1,5,5,3,5,5,5,4,5,1,5,5,5,4,5,4,4,4,3,4
163,1,1,1,3,4,3,2,4,3,3,3,3,5,6,6,5,6,4,6,5,4,5
164,0,2,1,3,3,3,2,4,3,3,3,3,4,4,5,5,5,4,3,4,4,5
165,0,1,0,4,5,4,4,5,4,4,4,2,4,4,4,5,4,4,4,4,5,4
166,1,2,1,2,3,2,2,2,2,2,3,4,5,4,4,4,4,4,3,3,3,3
167,0,1,0,2,2,2,2,2,2,2,3,4,4,5,5,5,4,4,5,5,5,4
168,1,1,0,3,4,3,3,3,3,3,4,3,4,5,5,4,4,3,5,5,4,4
169,0,3,0,4,4,4,3,4,4,4,4,2,3,3,4,3,3,3,2,4,3,3
170,0,1,1,4,3,4,3,4,4,2,4,2,4,5,4,4,4,4,5,3,3,4
171,1,3,1,5,5,5,5,5,5,5,5,1,5,5,5,7,6,4,4,4,5,5
172,0,3,0,3,3,3,3,2,3,2,3,3,4,3,3,4,4,4,2,3,4,4
173,1,1,1,3,2,3,3,2,3,2,3,3,5,5,6,7,6,4,5,5,5,5
174,1,2,1,4,4,4,4,3,4,3,4,2,5,5,6,7,5,4,4,5,5,4
175,0,2,1,4,4,2,3,2,4,3,4,2,5,4,4,5,4,5,3,3,4,4
176,0,1,0,4,2,2,3,2,4,3,4,2,3,3,4,3,3,3,3,4,3,3
177,1,1,1,5,5,3,5,3,5,4,5,1,7,6,5,5,6,5,6,4,4,5
178,0,2,1,2,2,3,4,2,3,4,2,3,4,3,3,4,4,4,2,2,3,4
179,0,3,1,2,1,3,4,2,3,3,2,3,4,4,3,3,3,4,3,2,2,3
180,1,1,1,3,3,4,4,3,4,5,3,2,6,5,5,5,6,5,5,4,4,5
181,0,3,1,4,3,3,2,4,3,3,4,2,4,4,4,4,5,4,3,3,3,5
182,1,1,0,4,3,3,2,4,3,2,4,2,3,3,4,4,3,2,3,4,4,3
183,1,2,1,5,4,4,4,5,4,4,5,1,5,6,5,5,5,4,5,4,4,4
184,1,3,1,3,3,3,4,3,3,3,3,3,4,4,4,5,4,3,3,3,4,3
185,0,2,0,3,1,3,4,3,3,3,3,3,3,4,3,3,3,3,3,3,3,3
186,1,2,0,4,4,4,4,4,4,4,4,2,4,5,5,4,5,3,4,5,4,5
187,1,3,1,4,4,4,2,4,4,4,4,2,5,5,5,5,6,4,4,4,4,5
188,0,1,0,4,3,4,2,4,4,1,4,2,3,3,4,4,3,3,3,4,4,3
189,1,2,0,5,5,5,5,5,5,5,5,1,5,5,5,4,4,4,4,5,4,4
190,1,2,0,3,4,4,2,3,4,4,3,2,4,3,4,4,3,3,2,4,4,3
191,0,1,0,3,2,4,2,3,4,1,3,2,3,3,3,3,3,3,3,3,3,3
192,1,1,1,4,5,5,4,4,5,5,4,1,6,6,6,6,5,5,6,5,5,4
193,0,1,0,4,4,4,2,4,4,4,4,2,3,4,3,4,3,3,4,3,4,3
194,0,3,1,4,3,4,2,4,4,3,4,2,4,3,4,4,4,4,2,3,3,4
195,1,2,1,5,5,5,5,5,5,5,5,1,5,5,6,6,5,4,4,5,5,4
196,1,3,1,3,3,3,3,3,3,3,2,3,6,5,6,5,5,5,4,5,4,4
197,0,2,0,3,3,3,3,3,3,2,2,3,3,3,3,3,4,3,2,3,3,4
198,0,2,0,4,4,4,3,4,4,4,3,2,5,4,4,4,4,5,3,4,4,4
199,1,1,1,4,3,3,3,3,4,3,4,2,4,4,5,5,5,3,4,4,4,4
200,0,1,0,4,3,3,3,3,4,2,4,2,5,4,4,4,5,5,4,4,4,5
201,1,2,1,5,4,4,3,4,5,4,5,1,1,2,3,2,2,2,2,2,2,2
202,1,2,0,2,3,3,2,3,2,2,4,3,4,4,5,5,4,3,3,5,5,4
203,1,1,1,2,2,3,2,3,2,3,4,3,6,7,5,5,5,5,7,4,4,4
204,0,1,1,3,4,4,5,4,3,3,5,2,5,5,4,4,5,5,5,3,3,5
205,1,2,1,2,3,3,4,3,4,3,3,3,4,5,5,5,5,3,4,4,4,4
206,0,2,0,2,3,3,4,3,4,3,3,3,4,4,4,5,5,4,3,4,5,5
207,1,1,1,3,4,4,3,4,5,4,4,2,5,4,5,5,4,4,4,4,4,3
208,1,3,0,2,3,3,4,2,2,3,3,4,5,6,5,5,6,4,5,5,5,6
209,0,3,0,2,2,3,4,2,2,1,3,4,4,3,4,4,3,4,2,4,4,3
210,1,1,1,3,4,4,4,3,3,4,4,3,6,6,5,5,5,5,6,4,4,4
211,0,2,1,2,1,2,2,3,3,4,2,4,4,4,5,4,5,4,3,4,3,5
212,0,1,0,2,3,2,2,3,3,1,2,4,3,3,4,3,3,3,3,4,3,3
213,0,3,0,3,2,3,4,4,4,5,3,3,4,5,4,4,5,4,4,4,4,5
214,0,3,1,3,3,4,3,4,2,1,3,3,4,3,3,4,4,4,2,2,3,4
215,0,3,1,3,2,4,3,4,2,3,3,3,4,4,5,5,5,4,3,4,4,5
216,1,3,1,4,4,5,4,5,3,2,4,2,7,7,5,6,5,5,4,4,5,4
217,0,3,0,3,3,3,4,3,4,3,4,3,4,4,3,4,3,4,3,3,4,3
218,0,3,1,3,2,3,4,3,4,3,4,3,4,5,5,4,5,4,4,4,3,5
219,1,3,1,4,4,4,5,4,5,4,5,2,4,5,5,4,4,3,4,4,3,3
220,0,2,1,4,3,4,4,4,4,3,3,3,3,4,3,4,4,3,3,2,3,4
221,0,2,0,4,2,4,4,4,4,3,3,3,3,3,4,4,4,3,2,4,4,4
222,1,1,0,5,4,5,4,5,5,4,4,2,5,5,6,5,6,4,5,6,5,6
223,0,1,0,3,2,2,2,4,4,4,4,3,5,4,5,5,4,5,4,5,5,4
224,1,2,1,3,2,2,2,4,4,1,4,3,5,5,5,5,5,4,4,4,4,4
225,1,2,0,4,3,3,5,5,5,5,5,2,3,3,3,3,3,2,2,3,3,3
226,1,1,1,3,1,2,3,3,4,4,4,3,6,5,5,6,6,5,5,4,5,5
227,0,1,1,3,3,2,3,3,4,1,4,3,3,4,4,4,3,3,4,3,3,3
228,1,3,0,4,2,3,4,4,5,5,5,2,4,5,5,4,5,3,4,5,4,5
229,1,3,0,2,4,4,2,4,2,2,3,3,4,4,5,5,4,3,3,5,5,4
230,1,1,1,2,2,4,2,4,2,1,3,3,6,6,6,6,6,5,6,5,5,5
231,1,1,1,3,5,5,4,5,3,3,4,2,5,4,4,5,4,4,4,3,4,3
232,1,3,0,3,2,2,2,2,3,2,3,3,4,3,4,3,4,3,2,4,3,4
233,1,2,0,3,2,2,2,2,3,1,3,3,4,5,5,5,5,3,4,5,5,5
234,0,3,1,4,3,3,4,3,4,3,4,2,5,4,5,4,5,5,3,4,3,5
235,0,2,1,3,3,4,4,3,4,3,3,2,4,4,3,4,3,4,3,2,2,3
236,0,1,1,3,1,4,4,3,4,3,3,2,5,5,5,4,5,5,5,4,3,5
237,1,1,1,4,4,5,5,4,5,4,4,1,7,5,6,6,5,5,5,5,5,4
238,1,3,1,2,2,4,3,3,4,4,4,2,4,4,4,4,5,3,3,3,3,4
239,0,2,0,2,1,4,3,3,4,2,4,2,4,5,5,5,4,4,4,5,5,4
240,0,3,0,3,3,5,5,4,5,5,5,1,5,4,4,5,5,5,3,4,5,5
241,0,3,0,4,2,4,2,4,4,3,4,2,5,5,5,5,4,5,4,5,5,4
242,0,2,0,4,2,4,2,4,4,3,4,2,5,4,4,4,5,5,3,4,4,5
243,1,2,0,5,3,5,3,5,5,4,5,1,4,4,5,4,4,3,3,5,4,4
244,0,1,1,4,2,4,3,2,4,4,2,2,6,6,5,5,5,6,6,4,4,5
245,1,1,1,4,3,4,3,2,4,3,2,2,4,4,5,5,4,3,4,4,4,3
246,1,3,1,5,3,5,5,3,5,5,3,1,3,4,4,4,3,1,3,3,3,1
247,0,3,1,3,3,4,2,3,3,4,3,2,4,5,4,5,4,4,4,3,4,4
248,0,2,1,3,1,4,2,3,3,2,3,2,4,4,3,4,4,4,3,2,3,4
249,1,2,0,4,4,5,5,4,4,5,4,1,4,3,4,3,4,3,1,4,3,4
250,1,2,0,2,3,4,2,2,3,2,2,3,4,5,4,4,4,3,4,4,4,4
251,1,2,1,2,1,4,2,2,3,2,2,3,5,5,4,4,4,4,4,3,3,3
252,1,1,1,3,4,5,3,3,4,3,3,2,7,5,6,6,6,5,5,5,5,5
253,1,3,0,4,1,4,4,4,4,4,4,2,3,3,4,4,4,2,2,4,4,4
254,0,2,0,4,2,4,4,4,4,3,4,2,4,5,4,4,4,4,4,4,4,4
255,1,1,1,5,2,5,3,5,5,5,5,1,5,6,7,5,6,4,6,5,4,5
256,1,3,0,4,3,3,4,3,3,2,3,3,3,3,4,4,3,2,2,4,4,3
257,1,1,1,4,3,3,4,3,3,1,3,3,5,5,6,7,5,4,5,5,5,4
258,1,1,0,5,4,4,3,4,4,3,4,2,5,4,5,5,5,4,4,5,5,5
259,1,3,1,4,4,2,3,4,4,3,4,2,5,4,4,4,5,4,3,3,3,4
260,0,1,0,4,1,2,3,4,4,2,4,2,5,6,6,6,6,5,6,6,6,6
261,1,2,0,5,5,3,5,5,5,4,5,1,3,3,4,4,4,2,2,4,4,4
262,0,1,1,3,4,3,2,4,3,3,3,3,5,5,5,4,4,5,5,4,3,4
263,0,2,1,3,3,3,2,4,3,3,3,3,4,4,5,5,5,4,3,4,4,5
264,1,2,0,4,5,4,4,5,4,4,4,2,4,4,5,5,4,3,3,5,5,4
265,1,2,1,2,3,2,2,2,2,2,3,4,5,4,4,5,4,4,3,3,4,3
266,1,2,0,2,2,2,2,2,2,2,3,4,4,5,4,5,5,3,4,4,5,5
267,1,1,1,3,4,3,3,3,3,3,4,3,4,4,4,4,4,3,4,3,3,3
268,1,1,1,4,4,4,3,4,4,4,4,2,5,4,4,4,5,4,4,3,3,4
269,0,1,0,4,3,4,3,4,4,2,4,2,3,4,4,3,3,3,4,4,3,3
270,0,2,0,5,5,5,5,5,5,5,5,1,4,4,4,5,4,4,3,4,5,4
271,0,2,0,3,3,3,3,2,3,2,3,3,3,3,3,3,3,3,2,3,3,3
272,1,3,1,3,2,3,3,2,3,2,3,3,5,5,7,5,5,4,4,5,4,4
273,0,3,1,4,4,4,4,3,4,3,4,2,3,4,3,4,3,3,3,2,3,3
274,1,2,0,4,4,2,3,2,4,3,4,2,5,4,4,4,4,4,3,4,4,4
275,1,1,1,4,2,2,3,2,4,3,4,2,5,5,4,4,5,4,5,3,3,4
276,1,2,1,5,5,3,5,3,5,4,5,1,4,4,5,5,5,3,3,4,4,4
277,1,1,1,2,2,3,4,2,3,4,2,3,5,5,6,5,5,4,5,5,4,4
278,0,3,1,2,1,3,4,2,3,3,2,3,5,4,4,5,5,5,3,3,4,5
279,0,2,0,3,3,4,4,3,4,5,3,2,4,4,3,4,3,4,3,3,4,3
280,1,3,1,4,3,3,2,4,3,3,4,2,4,4,5,5,4,3,3,4,4,3
281,0,1,1,4,3,3,2,4,3,2,4,2,6,5,6,6,5,6,5,5,5,5
282,0,1,1,5,4,4,4,5,4,4,5,1,4,3,3,3,4,4,3,2,2,4
283,1,3,1,3,3,3,4,3,3,3,3,3,5,5,5,5,4,4,4,4,4,3
284,0,2,0,3,1,3,4,3,3,3,3,3,3,4,4,3,3,3,3,4,3,3
285,0,3,0,4,4,4,4,4,4,4,4,2,4,4,3,4,3,4,3,3,4,3
286,1,3,0,4,4,4,2,4,4,4,4,2,3,4,4,3,3,2,3,4,3,3
287,0,1,1,4,3,4,2,4,4,1,4,2,4,4,4,4,4,4,4,3,3,4
288,1,1,1,5,5,5,5,5,5,5,5,1,5,4,4,4,4,4,4,3,3,3
289,0,2,0,3,4,4,2,3,4,4,3,2,4,4,4,4,5,4,3,4,4,5
290,1,2,0,3,2,4,2,3,4,1,3,2,4,5,4,4,4,3,4,4,4,4
291,1,1,1,4,5,5,4,4,5,5,4,1,5,5,4,5,4,4,5,3,4,3
292,0,2,1,4,4,4,2,4,4,4,4,2,4,3,3,4,4,4,2,2,3,4
293,1,2,0,4,3,4,2,4,4,3,4,2,5,5,5,5,4,4,4,5,5,4
294,1,3,0,5,5,5,5,5,5,5,5,1,4,4,3,4,4,3,3,3,4,4
295,0,3,1,3,3,3,3,3,3,3,2,3,3,4,4,3,4,3,3,3,2,4
296,1,1,1,3,3,3,3,3,3,2,2,3,4,4,4,4,4,3,4,3,3,3
297,0,1,0,4,4,4,3,4,4,4,3,2,5,4,5,4,4,5,4,5,4,4
298,0,2,0,4,3,3,3,3,4,3,4,2,3,4,3,4,3,3,3,3,4,3
299,1,1,1,4,3,3,3,3,4,2,4,2,5,4,5,4,4,4,4,4,3,3
300,0,3,0,5,4,4,3,4,5,4,5,1,4,4,5,4,5,4,3,5,4,5
301,1,3,1,2,3,3,2,3,2,2,4,3,5,5,7,6,5,4,4,5,5,4
302,1,1,1,2,2,3,2,3,2,3,4,3,4,5,5,4,5,3,5,4,3,4
303,0,1,1,3,4,4,5,4,3,3,5,2,5,4,5,5,4,5,4,4,4,4
304,1,2,0,2,3,3,4,3,4,3,3,3,4,4,5,5,5,3,3,5,5,5
305,0,2,1,2,3,3,4,3,4,3,3,3,4,4,5,4,5,4,3,4,3,5
306,1,2,1,3,4,4,3,4,5,4,4,2,5,6,6,5,5,4,5,5,4,4
307,1,3,0,2,3,3,4,2,2,3,3,4,4,5,5,4,4,3,4,5,4,4
308,0,2,1,2,2,3,4,2,2,1,3,4,4,4,5,4,5,4,3,4,3,5
309,1,2,1,3,4,4,4,3,3,4,4,3,4,3,4,3,4,3,2,3,2,3
310,1,2,1,2,1,2,2,3,3,4,2,4,6,5,5,6,5,5,4,4,5,4
311,0,1,1,2,3,2,2,3,3,1,2,4,4,5,4,5,5,4,5,3,4,5
312,0,1,1,3,2,3,4,4,4,5,3,3,4,4,4,3,4,4,4,3,2,4
313,1,3,0,3,3,4,3,4,2,1,3,3,4,5,4,5,4,3,4,4,5,4
314,1,2,1,3,2,4,3,4,2,3,3,3,5,5,6,6,5,4,4,5,5,4
315,0,3,1,4,4,5,4,5,3,2,4,2,4,4,4,4,5,4,3,3,3,5
316,0,3,0,3,3,3,4,3,4,3,4,3,4,3,4,3,4,4,2,4,3,4
317,0,2,0,3,2,3,4,3,4,3,4,3,3,4,3,4,4,3,3,3,4,4
318,1,2,1,4,4,4,5,4,5,4,5,2,2,1,3,3,2,2,2,2,2,2
319,0,2,0,4,3,4,4,4,4,3,3,3,4,3,4,3,4,4,2,4,3,4
320,1,3,0,4,2,4,4,4,4,3,3,3,4,4,4,4,4,3,3,4,4,4
321,1,1,1,5,4,5,4,5,5,4,4,2,5,5,6,6,6,4,5,5,5,5
322,0,2,0,3,2,2,2,4,4,4,4,3,3,3,4,4,3,3,2,4,4,3
323,0,3,1,3,2,2,2,4,4,1,4,3,5,5,5,4,5,5,4,4,3,5
324,0,2,1,4,3,3,5,5,5,5,5,2,4,4,5,5,4,4,3,4,4,4
325,1,1,0,3,1,2,3,3,4,4,4,3,5,5,5,5,5,4,5,5,5,5
326,1,3,0,3,3,2,3,3,4,1,4,3,5,5,5,5,4,4,4,5,5,4
327,1,2,1,4,2,3,4,4,5,5,5,2,5,5,5,6,6,4,4,4,5,5
328,1,2,1,2,4,4,2,4,2,2,3,3,7,5,5,5,5,5,4,4,4,4
329,0,3,1,2,2,4,2,4,2,1,3,3,3,3,4,3,3,3,2,3,2,3
330,1,2,1,3,5,5,4,5,3,3,4,2,5,4,5,5,4,4,3,4,4,3
331,0,2,1,3,2,2,2,2,3,2,3,3,4,4,4,4,3,4,3,3,3,3
332,1,1,0,3,2,2,2,2,3,1,3,3,4,4,4,5,5,3,4,4,5,5
333,0,1,1,4,3,3,4,3,4,3,4,2,4,5,4,5,4,4,5,3,4,4
334,1,3,0,3,3,4,4,3,4,3,3,2,4,4,3,4,3,3,3,3,4,3
335,1,1,1,3,1,4,4,3,4,3,3,2,3,3,4,4,4,2,3,3,3,3
336,1,1,1,4,4,5,5,4,5,4,4,1,6,6,5,5,6,5,6,4,4,5
337,0,3,0,2,2,4,3,3,4,4,4,2,6,5,6,5,5,6,4,6,5,5
338,1,2,1,2,1,4,3,3,4,2,4,2,6,5,6,5,5,5,4,5,4,4
339,1,3,0,3,3,5,5,4,5,5,5,1,5,5,5,5,4,4,4,5,5,4
340,1,3,1,4,2,4,2,4,4,3,4,2,4,5,5,5,5,3,4,4,4,4
341,1,3,0,4,2,4,2,4,4,3,4,2,4,4,4,3,4,3,3,4,3,4
342,0,3,1,5,3,5,3,5,5,4,5,1,5,4,4,5,5,5,3,3,4,5
343,1,1,0,4,2,4,3,2,4,4,2,2,3,4,3,3,4,2,4,3,3,4
